timestamp,gx,gy,gz,ax,ay,az,mx,my,mz,roll,pitch,yaw,ground_truth_x,ground_truth_y,ground_truth_theta
6575.613691625,0.0009572001073752225,0.0011590622635937208,-0.0021297398431262007,-0.027335982304835214,0.009233012856170692,9.783638654269547,-0.620007943344014,28.533677352174504,3.7867063737142463,-0.001565822573045951,0.0020932763200724636,1.4105586277398718,377.5,149.0,90.0
6575.686400389,0.00010493107054012604,-0.0010590363399004374,2.594779982354148e-06,-0.021330432044708462,0.021793186546211787,9.757282604451172,-0.24720445652902934,28.321321685697804,4.111342064730916,-0.001565822573045951,0.0020932763200724636,1.4105586277398718,377.5,148.5,88.09084756700362
6575.752841709,-0.0010605842642847788,-0.00010248013912418699,0.0010629227979263515,-0.017371003019268375,0.029567504967986828,9.824308262757134,0.18241393148716895,29.066060691865445,3.4894796586075323,-0.001565822573045951,0.0020932763200724636,1.4105586277398718,377.5,148.0,88.09084756700362
6575.822015269,-0.0008476282989676495,-0.002225461244988807,-0.0010603300919570541,-0.03398013108602901,0.0037100532559030002,9.762094335581779,-0.2344342811877805,29.050580928240084,4.0797901090013,-0.001565822573045951,0.0020932763200724636,1.4105586277398718,377.5,148.0,88.02506598911803
6575.891198153,0.0008507221262287896,0.002220552814126998,-0.0010681144384779287,0.01939229879571676,0.04754595738281197,9.783618222818896,-0.005916215035095096,28.60453170506275,3.746137618556103,-0.001565822573045951,0.0020932763200724636,1.4105586277398718,377.5,148.5,90.0
6575.955150007,0.0029657071502573705,0.002435330350005283,0.0010629227898515982,0.0007832841193091796,0.04092545345330345,9.79797169067549,0.05096363219179386,27.964172985280694,3.7696762832027466,-0.001565822573045951,0.0020932763200724636,1.4105586277398718,377.5,148.5,90.0
6576.027758296,0.0009541062831383455,0.0011639706896574657,-1.2973932780830976e-06,-0.058089247361953034,0.027903671603282672,9.809887663625847,0.06426277522500755,28.952400773455288,4.009239206033404,-0.001565822573045951,0.0020932763200724636,1.4105586277398718,377.5,149.0,90.0
6576.110320179,0.00031015247677719434,-0.0031697463830047297,0.0032004469744257988,-0.010837634583736173,0.03727422485051956,9.759655886812888,-0.15247917756942478,28.012323430245672,4.739146613806307,-0.001565822573045951,0.0020932763200724636,1.4105586277398718,377.5,148.5,90.0
6576.177568508,0.0033885252566547516,-0.001805723435660214,-0.001055140540067099,-0.005834024565828761,0.011263804439352999,9.742964161778382,0.0843544274091498,28.49861174495445,3.9707420787723158,-0.001565822573045951,0.0020932763200724636,1.4105586277398718,377.5,148.5,90.0
6576.253403003,-0.0009556531937446526,-0.0011615164790246245,0.0010655175779087055,-0.012409153345916213,0.0036233375600211466,9.83634586976023,0.4606121670738288,29.474806517819076,4.188601608673574,-0.001565822573045951,0.0020932763200724636,1.4105586277398718,377.5,148.5,90.0
6576.321178652,0.00010493107054012604,-0.0010590363399004374,2.594779982354148e-06,-0.014650476044954702,0.05135539332763577,9.769194704929626,0.08528932873677025,28.70443874007658,3.5106815011557937,-0.001565822573045951,0.0020932763200724636,1.4105586277398718,377.5,149.0,90.0
6576.390665492,0.002224556832436154,-0.0008516214455168023,-0.0010590327067537245,-0.002128066790274981,0.02144831331869935,9.821954457975469,-0.05202086888176415,29.250394930523893,3.608877555458161,-0.001565822573045951,0.0020932763200724636,1.4105586277398718,377.5,148.5,88.09084756700362
6576.465558579,-0.0019066656526461213,-0.002330395594745834,-0.0010616274786613253,-0.0192903733641129,-0.02361155599279549,9.800486027018003,-0.09805952120923703,28.29880008005153,4.4416545665110405,-0.001565822573045951,0.0020932763200724636,1.4105586277398718,377.5,148.5,90.0
6576.531451047,-0.0005297412631103941,-0.005407478690753867,-0.0031809882018581093,-0.03538956441895562,0.017994225917606053,9.757270929450456,-0.6185435380120586,28.998470555548046,3.597760740462412,-0.001565822573045951,0.0020932763200724636,1.4105586277398718,377.5,148.0,90.0
6576.589131691,-0.0009525593695077756,-0.0011664249050883694,-0.0010629248719394083,-0.02279754763842948,-0.012023338865254701,9.762146873126154,0.5542825169745326,28.64787803026663,4.274175927240724,-0.001565822573045951,0.0020932763200724636,1.4105586277398718,377.5,149.0,90.0
6576.656315743,0.007745079004001672,-0.002469564096550782,-0.011689568457435367,0.07188859706732471,0.1489960413906156,9.788248990779051,0.46887085287541264,28.497585165408896,3.721595721538354,-0.001565822573045951,0.0020932763200724636,1.4105586277398718,378.0,148.5,88.09084756700362
6576.730552178,0.002432872059885836,-0.0029672399098867736,1.0379118428475341e-05,0.02968378361821504,0.15973071007638148,9.984487965988572,0.5782310317207758,32.83651928900294,2.4599436766454725,-0.001565822573045951,0.0020932763200724636,1.4105586277398718,377.5,148.0,90.0
6576.792553486,-0.07425547493119859,0.005345247274047256,-0.05333172253346194,0.18744065912189548,1.7286996833625525,9.619574086275982,7.811635893924783,23.49914205053468,1.9599623026232376,-0.001565822573045951,0.0020932763200724636,1.4105586277398718,377.5,148.5,90.0
6576.860208033,-0.028184952306076254,0.0027656772898260185,0.0861552101120401,1.3331849322465155,-0.5930579349932558,10.407105624712544,0.672311355005563,28.449434796933105,2.752125528922019,-0.001565822573045951,0.0020932763200724636,1.4105586277398718,377.5,148.5,90.0
6576.934892723,0.02144721335309382,0.021312310121877263,-0.025559474977979,-0.05253734684210379,0.23796813016967117,9.890814382628934,0.7788736621662758,28.663871041047507,3.8084386768479717,-0.001565822573045951,0.0020932763200724636,1.4105586277398718,377.5,148.5,88.09084756700362
6577.000641745,0.016409575662038624,0.01770133545259328,0.013818008778248094,-0.09133384644821355,2.0886533330003005,9.709318690911632,0.8564406842320554,26.23123143382787,5.03463205199374,-0.001565822573045951,0.0020932763200724636,1.4105586277398718,377.5,148.5,88.09084756700362
6577.071743365,0.12208635016069916,0.020521976528542974,-0.053081326642426756,-0.6461975431430503,2.069369756678453,10.529770544309896,6.068670150884729,23.086604203405,4.114963495110307,-0.001565822573045951,0.0020932763200724636,1.4105586277398718,376.0,148.5,88.15238973400541
6577.141247284,0.041043389689304724,0.007181200678984266,-0.0382691523906776,-0.9249927353733244,-2.1007061209339843,9.777622776311713,1.0545507749121636,28.089891161890225,4.154276414204543,-0.001565822573045951,0.0020932763200724636,1.4105586277398718,375.0,148.5,86.18592516570965
6577.201710414,0.04458719412369992,-0.007366720589816347,-0.008432034308909871,-0.25053655879543135,0.2448732475960985,9.914452737086787,1.2001173678324302,26.566713704267258,3.589074429998885,-0.001565822573045951,0.0020932763200724636,1.4105586277398718,373.5,148.5,86.30861401354873
6577.260376515,0.03338314017860838,0.008623634028048959,-0.012742112178807951,-0.31951194920729764,0.19567168057890835,9.315912920933597,5.804298522860733,23.925051281676126,3.9265195831290427,-0.001565822573045951,0.0020932763200724636,1.4105586277398718,373.0,148.5,86.18592516570965
6577.338116149,0.04991311603237151,0.02524139101042308,-0.009563720869818082,0.5012565370289404,-0.5261815291962979,10.463203138696615,0.36934746264658985,27.465340668998138,4.391804021514682,-0.001565822573045951,0.0020932763200724636,1.4105586277398718,371.5,148.5,86.30861401354873
6577.398937268,-0.0238559840263718,0.003038162322040334,0.02230712824907347,0.3121460069002016,-0.2341855830307428,9.631464133965203,0.1544747933262476,26.936919662158996,4.20159002749483,-0.001565822573045951,0.0020932763200724636,1.4105586277398718,371.0,148.0,86.30861401354873
6577.459704217,0.0038950628395006993,0.0036385684481727073,0.01808916499535844,0.025998145487268278,-0.2099191292571544,9.504098724008555,0.8289023930304489,27.555967995498214,4.077783572076279,-0.001565822573045951,0.0020932763200724636,1.4105586277398718,371.0,148.5,88.09084756700362
6577.520370067,-0.01880796840627372,-0.004078065002102881,-0.030880579986631202,-0.010633941452424325,0.10522327093456568,9.989343478431042,1.2634452417298165,26.44703844689256,4.09798224805785,-0.001565822573045951,0.0020932763200724636,1.4105586277398718,369.5,148.5,88.09084756700362
6577.590315769,-0.010424280461346488,-0.013808722267581609,0.023429732001394928,-0.16235337165351824,0.18528895537741186,9.52446190054544,0.44292385273208196,27.092201286435706,4.5158756053301445,-0.001565822573045951,0.0020932763200724636,1.4105586277398718,369.0,148.5,88.09084756700362
6577.656525788,-0.02694563036664501,-0.009018704161033717,0.027651587401609702,0.36310684126752124,-0.732701355822022,10.317432359817712,-0.8446591024013975,28.361632722904528,3.7512982200446165,-0.001565822573045951,0.0020932763200724636,1.4105586277398718,368.0,148.5,86.18592516570965
6577.715752754,0.01599758594047031,0.021925209747035674,0.008486523533698389,0.060822304682828315,-0.7792180389224375,9.448001211578802,0.66019300189978,28.291244914385924,4.057083279909156,-0.001565822573045951,0.0020932763200724636,1.4105586277398718,367.5,148.5,88.09084756700362
6577.774052011,0.0012196572635066474,-0.0010424536640888833,-0.03830807401116632,0.33161772395098615,0.5381246069750956,9.828431166745679,-0.4197747328390098,27.921182780100896,4.928593725256468,-0.001565822573045951,0.0020932763200724636,1.4105586277398718,366.0,148.5,86.18592516570965
6577.844733223,-0.034699730853104356,-0.005642264832382495,-0.02664315590525408,0.1700740115889445,0.17996732976916888,9.620725707482308,0.703305134063194,28.313253272876675,3.6021975781280156,-0.001565822573045951,0.0020932763200724636,1.4105586277398718,364.5,148.5,86.18592516570965
6577.90623037,-0.016878801128964904,-0.013386655280769677,0.020226689218805466,0.008768483110294075,-0.4275606699773647,9.748785782230959,0.5218261039036455,28.319268611841213,3.613049307494922,-0.001565822573045951,0.0020932763200724636,1.4105586277398718,364.0,148.0,86.30861401354873
6577.972135528,-0.0014420809205630315,-0.006637713129872854,-0.031913662841236146,-0.6713814982239885,-0.4830114988510851,9.712011416651656,1.5896742505303219,28.531136265306465,4.046496882730801,-0.001565822573045951,0.0020932763200724636,1.4105586277398718,363.5,148.5,86.18592516570965
6578.056343865,-0.005855425239213458,0.0048269564377506026,0.024457626294453895,0.1631270294600938,0.6387742382586453,9.605292300021853,1.8511190902340737,26.76310386374419,4.612832071081597,-0.001565822573045951,0.0020932763200724636,1.4105586277398718,362.0,148.0,86.42366562500266
6578.115692556,-0.013908455314318606,-0.010958687772611223,0.018096949371641892,0.1536274586176524,0.39280469820486164,9.759075054124416,-0.45902542637952415,29.034587917459202,4.545527359394052,-0.001565822573045951,0.0020932763200724636,1.4105586277398718,361.5,148.0,88.15238973400541
6578.182527802,-0.004694995814798316,-0.006832260153281706,0.02022928397456356,0.5347986184153746,0.7699834599556571,9.830585541896378,1.0538989526766964,27.51882180189513,2.880870618947021,-0.001565822573045951,0.0020932763200724636,1.4105586277398718,359.5,148.0,88.15238973400541
6578.256954676,0.00973082753916169,0.00955354021469054,0.013827090526121804,0.5367184662277589,0.4878247236147306,9.481684615105348,-0.32131035061885543,28.435494860008816,3.7161555365507652,-0.001565822573045951,0.0020932763200724636,1.4105586277398718,359.5,148.0,88.15238973400541
6578.314626277,0.026078150134472747,0.007717297427021109,-0.08724668380681423,0.1471953330544358,-0.036743945952417624,10.473531309020101,1.1286566861332077,27.975717996324555,4.549462761629399,-0.001565822573045951,0.0020932763200724636,1.4105586277398718,358.5,148.5,88.02506598911803
6578.376370244,0.0016552999833266309,0.005406882283243769,-0.04257923019897954,-0.20769809456786825,0.5383502285944137,10.126923227369476,4.033546080564569,27.72005697804619,2.1823076369289978,-0.001565822573045951,0.0020932763200724636,1.4105586277398718,357.5,148.0,88.15238973400541
6578.441237825,0.015345007220871676,-0.0038162823119734118,0.004288021193465845,-0.08228643116544594,-0.14053163828418544,9.798269403972876,-1.6190818423372366,30.11444202266379,3.83756015108171,-0.001565822573045951,0.0020932763200724636,1.4105586277398718,356.0,147.5,86.30861401354873
6578.507392199,0.1277115485856632,0.016952848101373024,0.008660373587645402,0.16334095952300576,0.20068945941388663,9.512928284171792,0.27116385188752273,26.585786300706427,3.8707759753335673,-0.001565822573045951,0.0020932763200724636,1.4105586277398718,354.5,147.5,86.30861401354873
6578.573518601,-0.07431561631841874,0.015258836003082277,0.06690322337069997,-0.5487929194107469,-0.48272432328650094,9.781621461140928,-1.1182840632640534,29.815421371284156,3.9887754016549213,-0.001565822573045951,0.0020932763200724636,1.4105586277398718,354.5,147.5,86.30861401354873
6578.659021831,0.1050946161607348,0.007314477985696102,0.04483351510656947,0.4157806155368626,0.3704622785594055,9.678104553174798,-0.6400995955281567,28.987466380675336,3.8252035009753342,-0.001565822573045951,0.0020932763200724636,1.4105586277398718,353.0,147.5,84.47245984834383
6578.717179085,0.010063734379728228,-0.004363042798646371,-0.005296456774517774,-0.11617916324808711,0.24255294494289747,10.407860287837005,2.2816718603967416,27.713672211160173,3.530908840781981,-0.001565822573045951,0.0020932763200724636,1.4105586277398718,352.5,148.0,86.30861401354873
6578.787094296,-0.015464303602565812,-0.005812616257439763,-0.0010733039636071885,-0.16810343122741453,-0.1509655474792016,9.992100071818536,-0.5542802093434632,29.084619964659915,3.6466078659539742,-0.001565822573045951,0.0020932763200724636,1.4105586277398718,352.0,148.0,86.30861401354873
6578.84958143,-0.055670003022062396,0.010668869846496074,0.05842707784546572,-0.2717002134221443,-0.4203363498101119,10.29184719678727,-0.1962408243372359,27.419245635270638,3.9206263823427006,-0.001565822573045951,0.0020932763200724636,1.4105586277398718,350.5,148.0,86.18592516570965
6578.919254284,-0.036952388986731845,-0.00563861720087486,0.0659414969274874,0.29821334089903007,0.6614015867416759,9.449812461040375,0.6072377508715477,28.469561467953604,4.165629693952587,-0.001565822573045951,0.0020932763200724636,1.4105586277398718,349.5,147.5,88.15238973400541
6578.983096079,0.01646746797140613,-0.003811970696523154,-0.03934375164171625,-0.2155944841113661,-0.7041259643171954,9.04998767945743,-0.32025365024125574,28.95342735300084,4.258385563267366,-0.001565822573045951,0.0020932763200724636,1.4105586277398718,349.5,147.5,88.15238973400541
6579.04864823,-0.006114322471119556,-0.02421680888305968,-0.03400837522486127,-0.0844895385817413,0.7404623798568865,9.077971097227326,1.3025672782253124,28.528544692659615,2.540974820750818,-0.001565822573045951,0.0020932763200724636,1.4105586277398718,348.0,148.0,86.30861401354873
6579.117154403,-0.08633041267465823,-0.0138777186707003,0.009484578072727214,0.4014875674899613,0.7545796436865164,9.916618786476938,0.47883628997136346,28.609363405094143,5.070225860168895,-0.001565822573045951,0.0020932763200724636,1.4105586277398718,347.5,147.5,88.15238973400541
6579.181481625,0.022175093776329768,0.0031988501974717517,-0.02764510148185381,0.1325035245290546,0.04881310942919476,9.654492468450504,-0.528740931285706,30.543143124506255,3.5835038228859135,-0.001565822573045951,0.0020932763200724636,1.4105586277398718,346.5,147.5,88.15238973400541
6579.24331282,-0.04452840732229075,0.007273460904905684,-0.032008372233131445,-0.5554378088167113,-0.5645504301718867,10.0403749953541,-0.15366275939054097,30.68930458345706,2.256842544939794,-0.001565822573045951,0.0020932763200724636,1.4105586277398718,345.5,148.0,88.15238973400541
6579.318502684,-0.040955922928779,-0.01892326401740921,0.04361750058371456,-0.007585442649961464,0.8031890003778921,9.966190925107151,-0.06466818967951109,28.833236502344405,4.642720427885025,-0.001565822573045951,0.0020932763200724636,1.4105586277398718,344.5,148.0,86.18592516570965
6579.388426106,-0.004069791175911314,-0.01228696569745657,-0.048932120705294985,0.05406692549057898,-0.44721947191529293,9.712983360900443,0.9446565331328866,26.999007630178188,4.207030278286834,-0.001565822573045951,0.0020932763200724636,1.4105586277398718,344.0,147.5,86.18592516570965
6579.45709852,0.0069646203462036356,-0.026223057179147746,-0.07229698632397398,-0.8529105208728813,0.4997583658383793,9.666385426961078,1.6262769526349614,29.62991907559967,2.1362048581673623,-0.001565822573045951,0.0020932763200724636,1.4105586277398718,342.5,147.5,86.30861401354873
6579.533831076,-0.03707407713554897,-0.003660434666289745,0.005275696506557966,-0.9837619007679361,-0.1460457552777161,9.634165607005958,0.8018941421455467,29.139668428039087,3.3920501023279197,-0.001565822573045951,0.0020932763200724636,1.4105586277398718,342.0,147.5,86.30861401354873
6579.599485298,-0.018656441679673293,0.004607145645410281,0.015925693059409215,0.030289321995277375,0.15877000897476662,9.56789882320889,-0.48416440235594654,31.02994468199789,2.9396725782305855,-0.001565822573045951,0.0020932763200724636,1.4105586277398718,340.5,147.5,86.30861401354873
6579.665926076,-0.014494280952222242,0.006036835534001866,-0.005356136667164341,-0.05195338605156917,0.16073743619547962,9.768888235606365,-0.23549151787775074,28.532650772628944,3.5375600164802843,-0.001565822573045951,0.0020932763200724636,1.4105586277398718,340.0,147.5,88.09084756700362
6579.743286532,0.057874244928499005,0.0206439363467188,-0.02550498466444853,-0.10143479305032754,0.4038972710077475,8.889580646728483,0.711156634091574,27.38916886395876,3.8663675975209406,-0.001565822573045951,0.0020932763200724636,1.4105586277398718,338.5,147.5,86.30861401354873
6579.80903503,0.000884495239320744,0.0012744102736926912,0.04788865668801108,0.42623093715919047,0.6791795712925194,9.564879541420002,1.9917561272292226,30.600614098408826,2.467785702520668,-0.001565822573045951,0.0020932763200724636,1.4105586277398718,337.5,147.5,88.15238973400541
6579.882781116,0.04196082363853171,0.019114095298533224,-0.006368461356084172,-0.15238517997618747,0.1514021278674404,10.020156124845775,0.10538328855198206,28.250649635086557,3.47218423590748,-0.001565822573045951,0.0020932763200724636,1.4105586277398718,338.0,147.5,90.0
6579.950256379,0.017227626410215184,0.010155553569569103,-0.04363177390777454,-0.012752115870306934,0.3997447208075155,9.500242713706232,-0.10749722561955209,28.44598578772601,3.364139576036827,-0.001565822573045951,0.0020932763200724636,1.4105586277398718,335.5,147.5,88.09084756700362
6580.0297331,-0.00812812257088623,-0.004063214683565045,-0.02022279699709651,0.03363271539398736,-0.37062400940193635,10.378367872698357,0.667915862014359,30.562071897338715,2.381179325377338,-0.001565822573045951,0.0020932763200724636,1.4105586277398718,335.5,147.5,88.15238973400541
6580.103577992,0.0018152116171174938,-0.007342679011992254,-0.014879636302356055,0.08737681726897675,0.5983131215021746,9.902157325308933,0.8519159978834626,31.538782254739743,2.7236119894751973,-0.001565822573045951,0.0020932763200724636,1.4105586277398718,334.0,147.5,88.09084756700362
6580.16149359,-0.04282696099937891,0.011714566738309921,-0.03414460110755087,0.008023654707809408,-0.8581003316056909,9.828785968103684,-0.12173584604118484,30.758947795817384,2.646854175132084,-0.001565822573045951,0.0020932763200724636,1.4105586277398718,333.0,147.5,88.09084756700362
6580.228925916,0.02666990653325432,-0.010180192373105237,0.0043191585305307765,0.03651608953452321,-0.6884475341090663,10.16362625638926,-0.40220875385961097,29.99168485099525,3.5990290584623597,-0.001565822573045951,0.0020932763200724636,1.4105586277398718,331.5,147.5,86.18592516570965
6580.308439336,0.002871604463034182,0.003477187201081648,-0.006389219524305724,0.18017341408972495,-0.14127257785429634,9.683730617650228,0.6728408504442885,28.708401000811858,3.0232405636643542,-0.001565822573045951,0.0020932763200724636,1.4105586277398718,331.5,147.5,88.15238973400541
6580.379739118,0.046403741370088965,0.017420668443824196,-0.004229639799454262,-0.43918743708591035,-0.1606382671041331,10.132987105221268,0.8650979179274939,28.707887753656344,2.8986673636633387,-0.001565822573045951,0.0020932763200724636,1.4105586277398718,329.5,147.5,88.09084756700362
6580.455854379,0.05102868500535194,0.013653346597315067,0.017070352333089255,-0.11943201807527024,0.30795384816281396,9.73732642307031,0.9990738989932226,27.285484365218565,3.9095381882234985,-0.001565822573045951,0.0020932763200724636,1.4105586277398718,328.5,147.5,88.09084756700362
6580.524262384,0.019490597090586485,0.008350426946921412,0.0010733018774820016,-0.949366342385112,0.19094616758639305,9.29106620306637,-1.2722253385343647,28.49670248595924,4.956475545134875,-0.001565822573045951,0.0020932763200724636,1.4105586277398718,327.5,147.5,86.18592516570965
6580.600111953,-0.0021896819782559526,-0.010806998342099116,0.0425909025510133,0.2295982386215732,0.6678526151374893,9.947694121111407,-0.6709692679047388,29.435753326112483,3.977421918115237,-0.001565822573045951,0.0020932763200724636,1.4105586277398718,326.5,147.0,86.18592516570965
6580.660470444,0.013473916406041127,-0.0062031252167528,-0.021250694463521676,-0.44773443364183974,-0.16916634506757425,9.943851418398582,1.3428752084557973,27.93306971091245,3.46627127913425,-0.001565822573045951,0.0020932763200724636,1.4105586277398718,326.5,147.5,88.09084756700362
6580.731223841,0.012609272069234265,-0.008401590111193912,-0.010604587960433795,0.22383581429568644,0.09467301413354874,9.949007561258652,-0.3845141349664112,28.867275530018894,4.2095383655929925,-0.001565822573045951,0.0020932763200724636,1.4105586277398718,326.0,147.5,90.0
6580.820597866,0.027859965218976185,0.020956507719399806,0.006377541912780577,-0.4609503724524781,0.11284184373769005,9.706154770549206,1.5851610068031765,26.824653418207635,3.6110429743615415,-0.001565822573045951,0.0020932763200724636,1.4105586277398718,324.5,147.5,88.09084756700362
6580.881209445,-0.017826015637573484,-0.0029582699370708093,-0.050037857345419004,0.08387163973212088,0.02556835846265557,9.989664541331344,-0.10643821761088323,28.963918204228847,3.906369464766202,-0.001565822573045951,0.0020932763200724636,1.4105586277398718,322.5,147.5,86.18592516570965
6580.952475631,0.06362932802195234,-0.01615601891292525,-0.0009344833806472714,0.4695389422332703,0.02212470645597261,9.681380684726234,0.5384571644242047,30.18394367886811,2.7435453990726306,-0.001565822573045951,0.0020932763200724636,1.4105586277398718,321.5,147.5,86.18592516570965
6581.025320812,-0.0010064423416515625,-0.00018837759284068837,-0.03618481903412223,-0.1590495255885227,-0.41030655303375047,9.829905139413725,-1.0643939109082,29.842931812838593,3.420168409994967,-0.001565822573045951,0.0020932763200724636,1.4105586277398718,321.0,147.0,86.30861401354873
6581.090066737,0.046509774076121266,0.00564915589676534,-0.011651944223650916,-0.6552176299543946,-0.9403772366961941,9.942933641958856,0.01077802019243983,28.871751118771552,3.8466706757121476,-0.001565822573045951,0.0020932763200724636,1.4105586277398718,321.0,147.5,88.09084756700362
6581.154330021,0.032631153195653184,0.005353860900749972,-0.007414520151384047,0.11872966425856422,-0.3992078359970301,10.000271624075635,0.27954030555626674,29.42768490454602,3.468277612267631,-0.001565822573045951,0.0020932763200724636,1.4105586277398718,318.5,147.0,88.15238973400541
6581.232161086,-0.01927410005198738,0.00023170674845504415,0.0010356776411611166,-0.21627498532836048,-1.046415388793225,9.795375295821906,0.15540514428989713,30.64976346178721,2.803746123054758,-0.001565822573045951,0.0020932763200724636,1.4105586277398718,317.5,147.5,86.18592516570965
6581.302368236,0.06388538613965491,0.013784805312606532,-0.012709677493911574,0.18445834001857037,-0.06574242669896689,9.896647677690524,-0.8190569836657792,29.976205078624552,4.189339689611423,-0.001565822573045951,0.0020932763200724636,1.4105586277398718,316.5,147.0,88.15238973400541
6581.385743673,0.06426908626903688,-0.0011049161766138328,0.0054171118225526576,0.3160845405762752,0.775616998834981,9.191000551615286,2.418171246237486,27.273994438226122,4.895064011197327,-0.001565822573045951,0.0020932763200724636,1.4105586277398718,315.5,147.5,88.09084756700362
6581.45357517,0.028157949640291786,-0.014326128658742169,-0.00205449127208645,-0.3327622819665605,0.8572475861664006,9.829123247037378,-0.607643182457269,29.316075799100748,4.486330120721136,-0.001565822573045951,0.0020932763200724636,1.4105586277398718,314.5,147.0,86.18592516570965
6581.534468124,0.02592809965444782,0.007955356098309831,0.01598277813169966,-0.10597791214633719,0.5275694417041757,8.48706089865157,2.0065288020191603,25.039601494062776,4.393969374613648,-0.001565822573045951,0.0020932763200724636,1.4105586277398718,314.5,146.5,88.15238973400541
6581.604837887,-0.009435435913580092,-0.0010965711763903034,-0.06599339243577575,-0.10240815994506554,-0.03431183043643088,9.776447803474705,0.1357189065602588,31.05041328590408,2.111067547579341,-0.001565822573045951,0.0020932763200724636,1.4105586277398718,313.5,147.5,88.09084756700362
6581.685654119,-0.054330836956215794,-0.012877208439494312,-0.0032419654284903273,-0.12648988871547473,-0.30734663070195095,10.275037767454927,-0.1334487932580724,30.547618704513578,3.2206363137603624,-0.001565822573045951,0.0020932763200724636,1.4105586277398718,312.5,147.5,88.09084756700362
6581.751067616,-0.03087317835912079,-0.012605734137936135,0.03191106708936304,0.27181248480100045,-0.6320370250965682,9.92441640510801,0.3589702808478562,30.913716172938578,2.8365665529663833,-0.001565822573045951,0.0020932763200724636,1.4105586277398718,310.0,147.0,88.09084756700362
6581.820354298,-0.025053985552423177,0.004046256896309818,0.0457161030294479,-0.16247878088278428,-0.5333783421368385,10.799838797030185,-0.40420090900841993,29.26792769151666,3.516859724313161,-0.001565822573045951,0.0020932763200724636,1.4105586277398718,310.0,147.0,88.02506598911803
6581.889868909,-0.0122356941236347,0.005131221196633625,-0.029828036324783768,-0.03510041997772634,0.33480047865085405,9.42853374971692,2.358460157369517,27.904876879217184,1.5436226044644359,-0.001565822573045951,0.0020932763200724636,1.4105586277398718,308.5,147.0,86.18592516570965
6581.960159501,-0.0027178763307600397,-0.016216931243485826,0.03834569416452457,-0.48865862395385495,0.1969616734331935,9.80887193746629,2.279146178626388,30.237963306182692,2.239841391626607,-0.001565822573045951,0.0020932763200724636,1.4105586277398718,308.0,147.5,88.09084756700362
6582.036236301,-0.03817047924378167,-0.04654901577222501,0.00430877954360207,-0.17182570313573614,-0.7073018481734811,10.893600896978953,-1.0211599968260252,30.177045660453917,3.9675734933022455,-0.001565822573045951,0.0020932763200724636,1.4105586277398718,306.5,146.5,86.30861401354873
6582.097221634,-0.00451492261143999,0.013410947335193265,-0.018129386168958705,-0.1775483041812438,-0.7785430708274214,9.54342149911523,-0.23543150401211085,28.688702391118046,4.038705420542666,-0.001565822573045951,0.0020932763200724636,1.4105586277398718,306.5,147.5,88.09084756700362
6582.161256501,-0.05421308437793445,-0.0032458553541219667,-0.005392463510207143,-0.14612281488584172,-0.8083202220119307,9.866754440345742,-0.19624715458551484,30.926260174512354,2.9828433496884386,-0.001565822573045951,0.0020932763200724636,1.4105586277398718,305.0,147.0,88.15238973400541
6582.239708309,-0.008832405948354351,-0.00830121745038325,0.02448357410235219,0.05339613153814204,0.24259091499698254,9.45760552974843,-0.540983373941319,30.07284782932369,3.886170926771857,-0.001565822573045951,0.0020932763200724636,1.4105586277398718,304.0,147.5,88.09084756700362
6582.301133024,-0.0037826043472824872,0.02742264681093459,-0.0032614263787746484,-0.35408534990962487,-0.9964487939639579,10.230806609552456,0.9401387219105503,28.799541578840124,2.8337932238493195,-0.001565822573045951,0.0020932763200724636,1.4105586277398718,302.5,146.5,88.15238973400541
6582.366916993,-0.014439743491059568,-0.016363712247934186,0.015980183435001277,0.2424536085607229,-0.726018985039121,10.068242959061402,-1.1025855964400462,31.474269366699748,3.5793319328619266,-0.001565822573045951,0.0020932763200724636,1.4105586277398718,302.0,147.0,86.18592516570965
6582.430779969,0.004232614555818945,-0.010285376791560302,-0.004227044934687002,0.14241874996148884,0.13950672069427245,9.936814306753352,-0.6714987719090733,29.17678711786106,3.7063069737505483,-0.001565822573045951,0.0020932763200724636,1.4105586277398718,300.5,146.5,88.15238973400541
6582.505439483,-0.03696295841653509,-0.004729287858317672,0.001021406386844088,0.03639516261455024,-0.36898267703085214,9.954592762900905,-0.4909546602083634,28.964944775029064,4.1555160027554585,-0.001565822573045951,0.0020932763200724636,1.4105586277398718,300.5,146.5,88.15238973400541
6582.571758898,-0.03060099352402142,-0.00411195220708511,-0.00429191436964783,-0.06174441099336086,0.23450328147979602,9.830953306400408,1.653407538882213,28.358321803547803,3.8242289980532607,-0.001565822573045951,0.0020932763200724636,1.4105586277398718,299.5,147.0,86.18592516570965
6582.663842036,-0.03516276867458114,-0.0013374015078883154,0.003144659272690117,0.14093400494740593,-0.030826250740342117,9.214154058821128,0.6640544233914609,29.426658401489654,3.219131393020894,-0.001565822573045951,0.0020932763200724636,1.4105586277398718,298.5,147.0,88.09084756700362
6582.732359907,0.002373246614834875,0.00873064728144104,-0.024493953207633045,-0.1378111054262919,0.08008789960164739,9.783314672483533,0.591942447203533,30.264590991798293,2.906114085575949,-0.001565822573045951,0.0020932763200724636,1.4105586277398718,296.5,147.0,88.09084756700362
6582.810035578,0.004539016647373989,0.00797228551843587,0.01488741958736112,0.4417921226746482,0.4215627087564399,9.84322536648627,1.1334530260837266,29.316958487295743,3.2514501163693197,-0.001565822573045951,0.0020932763200724636,1.4105586277398718,295.5,146.5,86.30861401354873
6582.870920472,-0.04676559633170958,0.00725256640129653,0.049934066269782584,-0.2056133536142178,-0.7621293343646126,9.521795455336733,-0.5232887550481192,28.948438508347333,4.496680233902491,-0.001565822573045951,0.0020932763200724636,1.4105586277398718,295.5,146.5,88.09084756700362
6582.93420576,-0.005709829175455541,0.014414132550748998,0.003151146165372263,-0.47214455324686266,0.12457764249499731,10.038906860991101,0.558143938466213,29.783291517370355,3.436224040352463,-0.001565822573045951,0.0020932763200724636,1.4105586277398718,294.5,146.5,88.15238973400541
6583.015814045,-0.005465092285791153,0.0006374411233553945,0.04468820764764697,0.007922850711879773,-0.15112218629336407,9.683502954979318,0.5669303569534322,29.065034112319893,3.2403333013735702,-0.001565822573045951,0.0020932763200724636,1.4105586277398718,293.5,146.5,88.09084756700362
6583.082704846,-0.02778946071683191,0.000353099055796587,-0.04154614315770837,0.20152137797002434,-0.4582704484087701,10.041230189369797,-0.04962155365657897,29.921015133392228,2.959871254212157,-0.001565822573045951,0.0020932763200724636,1.4105586277398718,293.0,146.5,90.0
6583.167863264,0.011721869230753794,0.0001467812095986055,0.022365510732059724,0.3299667957421369,-0.22029050972902764,9.672160011382509,1.1024587107137267,29.45314234873305,2.4013780013589083,-0.001565822573045951,0.0020932763200724636,1.4105586277398718,291.5,147.0,88.09084756700362
6583.22752172,0.01778495738293625,0.01462670594469248,0.01276286928758468,-0.014205611755678197,-0.5838803753378726,9.722776110874975,-1.4607433027570222,29.32052606847481,3.240806007354797,-0.001565822573045951,0.0020932763200724636,1.4105586277398718,290.0,146.5,86.30861401354873
6583.29290893,-0.02361673055655335,0.0008734595970329166,0.00209211557577452,0.14941718290431213,-0.9217837477015534,9.541833361477362,0.32769744531528044,27.908125599115447,4.657744047275918,-0.001565822573045951,0.0020932763200724636,1.4105586277398718,290.0,146.5,86.30861401354873
6583.357790331,-0.042834249350689524,0.022436860935396083,-0.022462817004943854,0.551060411122147,-0.02287464042499051,9.6217472712884,0.40314365518723183,27.9466402155426,3.861694295103041,-0.001565822573045951,0.0020932763200724636,1.4105586277398718,288.5,147.0,88.09084756700362
6583.424431465,-0.0381014721177784,0.007787719604001538,-0.08201898651702068,0.06918966669909368,-0.16599506347933196,9.97332598578645,1.6154989238769126,29.624416988163315,2.249926238423824,-0.001565822573045951,0.0020932763200724636,1.4105586277398718,288.5,147.0,90.0
6583.492110417,-0.01752868570376464,-0.01681840584792345,-0.04468431751056227,0.22509257476870143,0.37781605328765105,9.589224234837214,-1.2895145772354968,29.567972585060964,3.6147908967783264,-0.001565822573045951,0.0020932763200724636,1.4105586277398718,287.5,147.0,88.09084756700362
6583.555315735,0.01481216799110376,-0.009218852984564988,0.0032354764766764138,0.1621300849446994,0.45762734049818976,9.35910466754714,-0.43653500384817573,29.251421424834927,3.8580239554601925,-0.001565822573045951,0.0020932763200724636,1.4105586277398718,285.5,146.5,88.09084756700362
6583.633168687,-0.026163158597192537,-0.01650803914432483,-0.005321107111159612,0.3288617926517275,0.2513360703849789,9.742897029619806,0.9058107177345052,28.05927590053343,3.092788143883498,-0.001565822573045951,0.0020932763200724636,1.4105586277398718,284.5,146.5,86.18592516570965
6583.705125115,-0.051198531467609776,0.020533439520347647,-0.02459904169546622,0.28480548624116525,-0.4177139460154421,9.478618300630105,-0.03192692619777065,28.796605816788546,3.5703804709651425,-0.001565822573045951,0.0020932763200724636,1.4105586277398718,284.5,146.5,88.15238973400541
6583.787484097,-0.009177433276287492,0.006527148715439338,-0.02024874479692005,0.24802286611623103,0.5803894671850044,9.837789021969563,-0.6499427143929756,29.18779129273377,3.478864213237626,-0.001565822573045951,0.0020932763200724636,1.4105586277398718,283.0,146.5,86.18592516570965
6583.853843601,0.02349633347202236,0.00021011917851258044,0.008547500856994922,0.2363601670203851,-0.055717526255999954,9.925430500905808,-0.2825937200122558,30.570140314532512,2.890323721602591,-0.001565822573045951,0.0020932763200724636,1.4105586277398718,281.5,146.5,88.09084756700362
6583.94565071,0.022311412408738025,0.012800753029388927,-0.042566256339441534,-0.6308937278889107,-0.4629100276504599,10.387191596881777,1.7960430441432313,29.41257464970398,2.6991351770510867,-0.001565822573045951,0.0020932763200724636,1.4105586277398718,281.5,146.5,88.09084756700362
6584.012246685,0.07566771945910143,-0.009370928175539832,0.09910490443231251,-0.2129947117753325,0.8700423746490124,9.225927347205829,0.7973857169385575,23.92616760774372,3.894379553684417,-0.001565822573045951,0.0020932763200724636,1.4105586277398718,279.5,146.5,88.09084756700362
6584.097410666,-0.0005288984815843592,-0.017012105782072465,0.06176375275190447,-0.685819414817701,0.2426967682618625,9.935372442996444,-0.02660338987398578,30.39681259250033,2.543482908056977,-0.001565822573045951,0.0020932763200724636,1.4105586277398718,279.5,146.5,90.0
6584.163845319,0.01806243423666875,0.0016906254918602496,-0.0404183509528501,0.1291024309295681,0.5180584492373695,9.828183072901146,0.7774092568343209,28.19907783767396,3.997384310099807,-0.001565822573045951,0.0020932763200724636,1.4105586277398718,278.0,146.5,86.18592516570965
6584.23574636,0.014643420159716397,0.014255455585387848,-0.01171811105085433,-0.5947743517048829,0.5902133152728536,9.633033129073752,1.408072902139643,28.22504845252733,3.055057761204875,-0.001565822573045951,0.0020932763200724636,1.4105586277398718,276.5,146.5,86.30861401354873
6584.298624978,0.024096528565012786,-0.0060974688132844745,0.028783272810446146,-0.4408893387338179,0.5187599769074014,9.597507989102898,-1.246807859526587,29.64312014793568,3.891080897733691,-0.001565822573045951,0.0020932763200724636,1.4105586277398718,276.0,146.5,86.18592516570965
6584.365671376,0.030277622971794933,0.01890595938086535,-0.05533950583973495,-0.1440740240557384,0.04785600158608145,9.646910504919104,0.9185826643944527,28.78853740396741,3.0612359843622423,-0.001565822573045951,0.0020932763200724636,1.4105586277398718,275.0,146.5,86.30861401354873
6584.463712398,0.026108781850696445,-0.026248609827775268,0.01606191893102218,-0.25364183264275014,-0.28834585798367723,10.406491057768363,1.48217933254184,28.110872940835424,3.4502443551894406,-0.001565822573045951,0.0020932763200724636,1.4105586277398718,275.0,146.5,88.09084756700362
6584.526719148,0.0002299720001320844,-0.00214997745161425,-0.01382968740434148,-0.07125160262743764,0.819860460607258,9.525524661312394,-0.153941275270311,27.547530150382947,4.928092109070915,-0.001565822573045951,0.0020932763200724636,1.4105586277398718,273.0,146.5,88.09084756700362
6584.604262375,0.04035766925120934,0.0029137473653797243,-0.006333431829143854,-0.18493526124906656,0.09862719749200628,9.436042745334731,-0.40859183450443476,27.87354799616151,4.083696666836734,-0.001565822573045951,0.0020932763200724636,1.4105586277398718,272.5,146.5,88.09084756700362
6584.661032427,0.014029907607069982,-0.033862041295163674,0.01606191895524644,-0.09126587393834888,0.27129970916996593,9.349589199935936,-0.2002309028739351,29.478743531292285,2.818504476061514,-0.001565822573045951,0.0020932763200724636,1.4105586277398718,270.5,146.5,88.09084756700362
6584.724994854,0.02211057278534258,0.014011950579664489,0.023412865866161127,-0.43445758651636335,0.45032363712830936,9.882586420509398,2.2422988314938777,28.514974188029466,2.1455518047820266,-0.001565822573045951,0.0020932763200724636,1.4105586277398718,270.5,146.5,88.09084756700362
6584.789378033,-0.043122557592360666,0.035390119536500925,0.03816795180869112,-0.15811714422060552,-0.09652880863917147,9.221053034670186,0.5395144011141748,30.70187383447925,3.2857754915936463,-0.001565822573045951,0.0020932763200724636,1.4105586277398718,269.5,146.5,86.18592516570965
6584.861522369,0.07747061162767134,0.01633070048734582,0.040515652939169096,-0.3316105973921888,0.7068279647272858,9.271620802492357,0.03180689846648995,28.623789017648985,3.348112652092017,-0.001565822573045951,0.0020932763200724636,1.4105586277398718,269.0,146.5,88.09084756700362
6584.929592418,-0.015219755005408576,-0.02940718106320314,-0.03826655749511227,-0.057381844161265225,0.13320571593968034,10.535091435331694,1.424176770569741,29.830757236999954,1.9144387252418458,-0.001565822573045951,0.0020932763200724636,1.4105586277398718,268.5,146.5,88.09084756700362
6584.996607774,0.006680506423438335,-0.023987182273817,-0.021219557087583923,-0.06285656076446984,0.20012364586289869,9.591610146405177,-0.7474745029165769,28.879306284437156,4.231241962314033,-0.001565822573045951,0.0020932763200724636,1.4105586277398718,267.5,146.5,86.18592516570965
6585.065211758,0.026946523927543504,0.030438749485040207,-0.014930234562711888,-0.293995736388722,-0.48335633292022906,10.02141410896542,-1.0854204644199634,30.090893846217305,3.918726114872578,-0.001565822573045951,0.0020932763200724636,1.4105586277398718,267.0,146.5,88.09084756700362
6585.13026096,0.01233315165906272,-0.005285836414890375,-0.03721790188318886,0.38611603059864386,0.37334964188330244,10.092253282286283,0.5787650946546896,29.58846869712094,3.6688418574560626,-0.001565822573045951,0.0020932763200724636,1.4105586277398718,265.5,146.5,88.09084756700362
6585.200741124,-0.007069083146753502,-0.003958280128657774,-0.020221499607855804,0.013839692045658453,0.13065149882331256,9.558362924000573,-0.2997542931027583,28.446499034881526,3.4887127760378425,-0.001565822573045951,0.0020932763200724636,1.4105586277398718,264.0,146.5,86.18592516570965
6585.270034503,-0.022294134314727987,-0.011935599213680079,-0.04150981624603016,-0.00746192675876749,-0.09860183120636112,10.138259998837833,-0.37666261780681376,27.943191129846312,4.473708204230623,-0.001565822573045951,0.0020932763200724636,1.4105586277398718,263.0,146.5,88.09084756700362
6585.338790614,-0.024062752343215178,0.005151326575777468,0.02017349623926065,-0.19166238144843448,-0.17985298044338383,9.956218844214884,1.3894433562219957,29.14363076526356,2.904609302823706,-0.001565822573045951,0.0020932763200724636,1.4105586277398718,263.5,146.5,88.09084756700362
6585.401819171,0.010909819908998093,-0.002135126932724236,-0.0031719064928572233,-0.00286169011167542,-0.16413238794199245,9.71943088279644,-0.823570227392925,28.26972223152573,3.753885781242163,-0.001565822573045951,0.0020932763200724636,1.4105586277398718,261.0,146.5,88.09084756700362
6585.47725346,0.05475630474953487,-0.002078776701410514,-0.007365219367020214,-0.1449069061571642,0.3202582630065896,9.89767249541944,0.6591363015221795,27.7733124213939,3.5148532531925545,-0.001565822573045951,0.0020932763200724636,1.4105586277398718,259.5,146.5,88.09084756700362
6585.547474494,0.02697206549592563,-0.014229817544683722,0.08521034970439516,0.7010163420968599,0.6006517380739662,9.608555801955472,0.45597657941872477,27.456220505858568,2.7508571205444237,-0.001565822573045951,0.0020932763200724636,1.4105586277398718,259.5,146.5,88.09084756700362
6585.636522342,-0.00877317811228711,0.0023155454813582436,-0.009596155508336927,0.473833040720718,0.03137605980621241,9.355752313827765,0.2025078913023803,28.612271586875426,3.4509823933592187,-0.001565822573045951,0.0020932763200724636,1.4105586277398718,258.5,146.0,88.09084756700362
6585.695338064,0.0076317569144558825,0.020024242540221046,0.007414517987513213,-0.23172943256834802,-0.16046188100078662,9.671205579278572,0.03180689846648995,28.623789017648985,3.348112652092017,-0.001565822573045951,0.0020932763200724636,1.4105586277398718,257.0,146.5,86.18592516570965
6585.762365902,0.018716067126236385,-0.01630503283913713,0.008578638226358867,-0.05468365431056266,0.2152692288457908,9.550885081452305,-0.6484783090610202,29.652584496107316,3.2899185799857906,-0.001565822573045951,0.0020932763200724636,1.4105586277398718,257.0,146.0,90.0
6585.838556639,-0.012821126296487401,-0.00018790602532501308,0.005302941648674634,-0.13532008935283724,-0.2873133011760177,9.970913806366799,0.57957767775118,29.482192540499383,2.2064904289467067,-0.001565822573045951,0.0020932763200724636,1.4105586277398718,256.0,146.0,86.18592516570965
6585.898887965,0.011664235977471791,0.022552236177223028,0.003157633079742229,-0.10794687234492616,0.406196806292045,10.09145938172219,0.09899387765887936,29.639527319494533,3.0190688116275934,-0.001565822573045951,0.0020932763200724636,1.4105586277398718,254.5,146.5,88.09084756700362
6585.961813287,0.006395549716122743,-0.010146680272369582,-0.035086866724369566,0.19534960598055573,0.5756044465158892,10.014894904638707,0.26184567809745796,30.552094221149712,2.8577683955146447,-0.001565822573045951,0.0020932763200724636,1.4105586277398718,253.5,146.5,86.18592516570965
6586.027459748,-0.0056669609173019145,0.0036353925989271213,-0.033007722990875996,-0.1545050516323808,0.34552593804144366,9.797043526620797,0.43108225703578357,30.07578358262994,3.1495838604113287,-0.001565822573045951,0.0020932763200724636,1.4105586277398718,252.5,146.5,88.09084756700362
6586.092102456,-0.022040771374027178,-0.004304516587376797,0.00742749194798563,-0.08221517131814098,0.05413191583179492,9.706840677506692,0.6885370096372273,30.367249072716636,2.6137972328585852,-0.001565822573045951,0.0020932763200724636,1.4105586277398718,252.5,146.5,88.09084756700362
6586.157650412,-0.024489110484643146,-0.001312734342021055,0.01805932508133417,0.2307739754790295,0.5575549483936031,10.053295352606048,0.00040716864198509124,28.813112083470276,3.2292162398181112,-0.001565822573045951,0.0020932763200724636,1.4105586277398718,251.5,146.5,88.09084756700362
6586.220955895,-0.022991338657362068,0.0052366273238546365,0.011661023827840674,-0.13688440949848618,0.0906657036393333,10.13524071797881,-0.5081197922284467,30.34832029551151,3.816121820744808,-0.001565822573045951,0.0020932763200724636,1.4105586277398718,250.5,146.5,88.09084756700362
6586.290261549,0.027488195212487278,0.025116572475013508,-0.02662369517979463,-0.7316578660644074,0.5363010944651628,9.858014065021884,-0.7711444975002455,27.832439460961293,3.3742246035893384,-0.001565822573045951,0.0020932763200724636,1.4105586277398718,250.5,146.5,88.02506598911803
6586.363826081,-0.017904908152589584,-0.0028331050772433825,0.00423742304512106,-0.38928718301805015,-0.21972606146763485,9.529854464463861,-0.3605610441593712,29.548899997367126,3.333089170688349,-0.001565822573045951,0.0020932763200724636,1.4105586277398718,248.5,146.5,88.09084756700362
6586.430067713,-0.007857297283517074,0.014250893693690276,0.023368754662984385,0.028232397283159842,0.30058577759134564,9.596299289538646,0.03180689846648995,28.623789017648985,3.348112652092017,-0.001565822573045951,0.0020932763200724636,1.4105586277398718,247.5,146.5,88.02506598911803
6586.496187777,-0.022773296780123044,0.013816306605847038,0.01270578419961017,-0.5075501692601404,0.020108872561234923,10.075008960533069,-1.0133084967976451,29.252961251536,4.231743512695171,-0.001565822573045951,0.0020932763200724636,1.4105586277398718,247.5,146.0,90.0
6586.561356903,-0.026853074593052396,-0.010058106796679175,0.03616795198098451,0.3254571454031611,-0.08060743856933866,9.911252158253522,0.4635450089205591,26.89737846618629,4.748493422433746,-0.001565822573045951,0.0020932763200724636,1.4105586277398718,246.0,146.0,86.18592516570965
6586.620459657,-0.0255821809401544,-0.0013636761076520109,0.04147089464169095,0.019013672786448946,0.7569728543598524,9.667059657971523,0.03473341006494045,29.553375505257925,2.9702214331979255,-0.001565822573045951,0.0020932763200724636,1.4105586277398718,244.5,145.5,88.09084756700362
6586.699415212,0.051389885579013334,0.010402611189056615,-0.014848499034391973,-0.12480541775946086,1.3867463008139447,9.354151205300823,0.5727874284643707,27.417192637903234,3.4223337630939326,-0.001565822573045951,0.0020932763200724636,1.4105586277398718,244.0,146.0,86.18592516570965
6586.769050571,-0.02112224406961292,-0.003084098997986267,0.03190328272796088,0.613344156595542,0.5630409798730562,9.586967701996144,-0.029529901472436285,29.467226104891388,2.9213741269510685,-0.001565822573045951,0.0020932763200724636,1.4105586277398718,243.5,146.0,88.09084756700362
6586.830898214,-0.015513545836842153,-0.00484193158668673,-0.039387862840855624,0.42955788706372533,0.7441816450109455,9.447418747063947,0.07118392428973801,24.315472564909154,5.6712531298664,-0.001565822573045951,0.0020932763200724636,1.4105586277398718,243.0,146.5,88.09084756700362
6586.909540679,0.011069338080762284,0.0074299622958134024,-0.034056378689085245,0.38274380282298553,1.2361185121574267,9.836472662846909,1.4552974310708888,26.49966206674011,4.7045848165977535,-0.001565822573045951,0.0020932763200724636,1.4105586277398718,242.0,146.0,88.09084756700362
6586.97512113,-0.021797978904405272,0.004235895288504681,-0.00855528623873636,0.4028238688357465,0.5717389807156429,9.86676448310169,-0.6087004020160214,28.798145652234943,3.944099847444826,-0.001565822573045951,0.0020932763200724636,1.4105586277398718,240.0,146.0,88.09084756700362
6587.040950761,-0.0492342325586574,0.0004583801426709941,-0.004329538645074263,-0.1554296134254117,0.08795997635253218,9.780877177563669,1.1957218748412253,28.679350804672865,3.2181282264542035,-0.001565822573045951,0.0020932763200724636,1.4105586277398718,239.0,146.0,88.09084756700362
6587.107192133,-0.04742984828962971,-0.006867119277922063,-0.011759627411987135,0.45411757519163837,0.4381522404158661,10.223884616275331,-0.706353972458384,28.17755515481376,3.6941868114328136,-0.001565822573045951,0.0020932763200724636,1.4105586277398718,238.5,146.5,88.09084756700362
6587.176248279,0.01495821326876496,0.011078347600911661,-0.011710326713443707,-0.37182143784084193,0.2585817268988779,9.612573633328664,0.7787513439351449,28.35176788930382,2.8061478259551382,-0.001565822573045951,0.0020932763200724636,1.4105586277398718,237.5,146.0,88.09084756700362
6587.244368851,-0.022136420971856672,-0.003260205525667593,0.0010395698184589306,0.0022166691873222585,0.2675640910685842,9.936315199657441,-0.3919607739838756,29.738223063188407,3.214192758414443,-0.001565822573045951,0.0020932763200724636,1.4105586277398718,237.0,146.0,88.09084756700362
6587.319114209,-0.01052452105592236,0.020267623753170275,-0.03198891144861228,0.006744534103740656,-0.09102057729548357,9.712093140401514,-1.1202756821004924,29.091661874424677,3.9066061333101376,-0.001565822573045951,0.0020932763200724636,1.4105586277398718,235.5,146.0,88.09084756700362
6587.38331238,-0.054570090427546375,-0.010712505712087862,0.01697304828510206,-0.16086213294966764,-0.19257411648213343,9.410413465795797,-0.7047677852076678,28.95445384731187,4.507531963269397,-0.001565822573045951,0.0020932763200724636,1.4105586277398718,235.5,146.0,88.09084756700362
6587.447977192,-0.046223665990680306,0.0028225382097778243,-0.03412903241958199,0.004667740017647646,0.07492277933849982,9.769168436140124,0.2030350876756456,28.871237871616035,3.722097475711132,-0.001565822573045951,0.0020932763200724636,1.4105586277398718,233.5,146.0,88.09084756700362
6587.52831301,-0.035783519835904984,-0.0057079318762046855,-0.009616913694441646,-0.30974984533242034,-0.45233810744325725,10.552833913155455,-0.12120178310726967,27.51089720393538,3.855752355942674,-0.001565822573045951,0.0020932763200724636,1.4105586277398718,232.5,146.0,88.09084756700362
6587.605543451,-0.051633775642766465,-0.008230545417052124,0.03825617434724254,0.4348482788028936,1.0269491558230397,9.75323300168189,0.020093959815211313,28.412459930717844,3.9218947003426488,-0.001565822573045951,0.0020932763200724636,1.4105586277398718,232.0,146.0,86.05481377096244
6587.681919939,-0.030562320719548328,-0.0041733075352809535,-0.030897446033042716,0.12150753029058839,0.4497876746179994,9.766080058329942,-0.8117355068228853,28.793156807581443,4.18239451807995,-0.001565822573045951,0.0020932763200724636,1.4105586277398718,230.0,146.0,86.05481377096244
6587.741485463,-0.015001265781089028,-0.010117479581933942,-0.030861119141551395,-0.2509459283949138,-0.30868701766570317,9.851084613807016,0.8641630080342649,28.502060754161548,3.3587280316575088,-0.001565822573045951,0.0020932763200724636,1.4105586277398718,229.0,145.5,86.18592516570965
6587.805007921,0.02942818890674271,0.015790801464748237,0.017034025451173634,0.4356104152322923,0.3932180374125305,9.326131807624432,1.873080562204676,26.72096883423293,3.6542136078321685,-0.001565822573045951,0.0020932763200724636,1.4105586277398718,229.0,145.5,86.18592516570965
6587.873574142,-0.026711017631669744,-0.011176044249344553,0.010629237362789486,0.34419152600944725,0.35753555024417566,10.243064409116036,-1.1635101324950377,28.757550364190244,3.3592009841984445,-0.001565822573045951,0.0020932763200724636,1.4105586277398718,228.5,145.5,88.02506598911803
6587.933502342,0.02560004079474677,-0.010267947231639159,0.011767409718294907,0.27416057767772095,0.4867132073781626,9.826071524514465,-1.2997630934236015,29.821436710248697,3.9996271310218288,-0.001565822573045951,0.0020932763200724636,1.4105586277398718,227.0,145.5,86.18592516570965
6588.019205378,0.010669930894603132,-0.020498320808593342,-0.06804788161112582,0.12053492981007861,0.2565541314473193,10.47760459485863,-1.7618396829606047,28.748086016018608,3.960363301946345,-0.001565822573045951,0.0020932763200724636,1.4105586277398718,227.0,145.5,86.18592516570965
6588.091482009,0.0073679641320771655,-0.009904309582527214,0.024510819263154803,0.0571260665707318,0.12422493790683277,10.09474331562078,0.2010434859704254,28.147478383501877,3.6399280266110536,-0.001565822573045951,0.0020932763200724636,1.4105586277398718,225.0,145.5,86.18592516570965
6588.155754862,0.0005467572979253493,0.005380482345004237,-0.008525446312599959,0.17770883562385104,-0.18957060872200138,9.71017518366149,-0.8867763193715503,28.701502978024994,4.247268748271616,-0.001565822573045951,0.0020932763200724636,1.4105586277398718,224.5,145.5,88.09084756700362
6588.226165331,-0.04049508650995167,-0.00180317265678412,0.028679481731005062,0.061069483313060245,0.6541062809290663,9.188516357139896,-1.3767960439898568,29.00602572995899,3.9823318463090014,-0.001565822573045951,0.0020932763200724636,1.4105586277398718,223.5,146.0,88.09084756700362
6588.296373863,-0.020220471776045662,-0.0009445350039627489,-0.004284130049887651,-0.05379894840662947,0.0773212109603242,10.166517446093904,-0.15353587794702497,27.494390937253645,4.196916587089706,-0.001565822573045951,0.0020932763200724636,1.4105586277398718,223.0,146.0,86.05481377096244
6588.364560411,-0.019996242248820757,0.007625327423503131,-0.007496255618107821,0.07823279976993232,0.3537874914110836,9.648921861029045,-1.1483411611097558,30.15743215572708,2.6786424806631146,-0.001565822573045951,0.0020932763200724636,1.4105586277398718,221.5,146.0,88.09084756700362
6588.431617314,-0.02885848573973128,-0.011339283106403274,0.030846845860401605,0.4165793299276908,0.005745936084280461,9.066028520764855,-0.6371730753640968,29.917052872656946,3.4473121917035954,-0.001565822573045951,0.0020932763200724636,1.4105586277398718,220.0,145.5,86.18592516570965
6588.501185967,0.0048367938256915445,0.004822172842085151,0.02660163740147282,0.9800834887987337,1.0835965610246305,9.842481082636523,0.4882722573254147,28.462175454018634,6.14774069292416,-0.001565822573045951,0.0020932763200724636,1.4105586277398718,220.0,145.5,88.15238973400541
6588.576589988,-0.012892917722009298,-0.020602908631181298,-0.030833873955023582,0.4021497364492744,0.6089526831328359,9.371076096152695,-0.4321440612209431,30.64580112893541,3.2911868321813245,-0.001565822573045951,0.0020932763200724636,1.4105586277398718,218.0,145.5,86.18592516570965
6588.64380341,-0.09127877453583873,-0.02834106175801065,-0.019223446150529674,-0.45574284446631613,-0.3291493648426028,9.781402554234758,-0.20303510480686307,28.861260191054356,4.198686636226086,-0.001565822573045951,0.0020932763200724636,1.4105586277398718,218.0,145.5,86.18592516570965
6588.709458935,-0.03034034223503426,-0.0072031637730699235,0.03296361180234781,-0.3918203827829222,-0.5068680075751333,9.291092137008368,-0.8395474739700834,23.469100973912802,6.834578736075248,-0.001565822573045951,0.0020932763200724636,1.4105586277398718,216.0,145.5,86.18592516570965
6588.769525877,-0.0025208346621938683,-0.029025393245984365,0.04050397658745666,0.4614186210397698,0.49283326456420107,9.66112970867654,-0.8853118969083773,29.166296190143875,4.058322934264487,-0.001565822573045951,0.0020932763200724636,1.4105586277398718,215.5,145.5,88.09084756700362
6588.841159486,-0.026003898345227046,-0.00783509966454615,0.036164059808992295,-0.062326606937759495,0.5808040527460021,9.79184651960598,-1.0255486318221887,28.782665879864254,4.534410478593888,-0.001565822573045951,0.0020932763200724636,1.4105586277398718,215.5,145.5,88.02506598911803
6588.912967062,0.02638584431949253,0.02508035609014891,0.0031732017313747135,-0.3516329338580909,0.3229365358788677,9.531051488126485,-1.5906091689891615,28.995534802241803,4.334347806822939,-0.001565822573045951,0.0020932763200724636,1.4105586277398718,214.0,145.5,86.18592516570965
6588.978747594,0.006673666353375685,-0.00255486474205283,-0.0031770960447471785,-0.3093364755336061,-0.06544873195482422,10.346040392935056,1.6524794955496327,24.645477927430406,5.222072764506107,-0.001565822573045951,0.0020932763200724636,1.4105586277398718,213.5,145.5,88.09084756700362
6589.043952366,-0.0576170766838072,-0.0014155895853918176,0.006304888241343539,-0.20470350096079876,0.24043028053561766,10.17549878221958,-0.703832866748829,29.16028085117933,4.04747120489758,-0.001565822573045951,0.0020932763200724636,1.4105586277398718,212.0,146.0,86.18592516570965
6589.119017774,0.030019806553530957,0.021100112667053306,-0.022353836386760438,0.016503825833538578,0.445697846791905,9.397227833687047,-1.4622077080889773,28.855732865101263,3.4297516406066317,-0.001565822573045951,0.0020932763200724636,1.4105586277398718,211.5,146.0,88.02506598911803
6589.184079032,-0.03256025625914871,-0.006358904763897527,0.030829979796572368,-0.4967919765491539,-0.015031222979079481,10.027221469885754,-0.8702015584317087,28.656616826120043,3.345510882352017,-0.001565822573045951,0.0020932763200724636,1.4105586277398718,208.5,145.5,90.0
6589.247818448,-0.004753726766295473,0.026285673499852846,0.00844630448613163,0.08364358718007443,-0.04234206737570764,9.776736759950321,0.7075719614437689,29.395527551223775,2.0330700788808964,-0.001565822573045951,0.0020932763200724636,1.4105586277398718,208.5,145.5,88.09084756700362
6589.320406778,-0.023248054372789186,-0.0032816967349160796,0.03722179407790441,-0.243418539567405,0.25165239331248485,9.447576361208815,0.8106782530016973,28.42141109947782,3.1961595013362523,-0.001565822573045951,0.0020932763200724636,1.4105586277398718,208.0,145.5,88.15238973400541
6589.389826707,-0.07275775284957496,-0.02113006337042798,-0.00750663463052901,-0.31406827111415,-0.8189759852201174,10.345377501570882,-0.08342006239389853,29.43971565896429,3.48998120898867,-0.001565822573045951,0.0020932763200724636,1.4105586277398718,207.0,146.0,90.0
6589.472292339,-0.0009987077825715015,-0.0002006486556010175,-0.041505924118449083,-0.26454059642640837,-0.393543136588749,10.13617180140402,0.5625394314574166,27.670654416964744,3.807170243897144,-0.001565822573045951,0.0020932763200724636,1.4105586277398718,207.0,145.5,88.09084756700362
6589.537657415,-0.01976167925496655,-0.027556684982355733,0.027704780378618083,0.36272181452547353,-0.928875102602177,10.787149019057315,-0.4586205653686082,28.981451041710798,3.8143517716084276,-0.001565822573045951,0.0020932763200724636,1.4105586277398718,205.0,145.5,86.18592516570965
6589.602560696,-0.0322284470142255,-0.009563010126949439,0.019131330662354794,-0.00341411036665472,-0.5708812363200473,9.682060755831065,0.29031834287992486,29.43318699635504,3.3545561416335223,-0.001565822573045951,0.0020932763200724636,1.4105586277398718,204.0,145.5,88.09084756700362
6589.664759612,0.00017847872465703404,-0.012779011448515103,0.014928936081727353,0.20409054728539328,0.46535244394590985,9.833202035288911,1.1113674474320767,29.046988095426276,3.2077781132728496,-0.001565822573045951,0.0020932763200724636,1.4105586277398718,204.0,145.0,90.0
6589.730012912,-0.007865477122247663,0.0035531427671221237,0.022329183848643155,0.03303210564012004,0.32108301056811844,9.912294488545106,-0.08980715709032407,30.828593271255745,3.0368655563439106,-0.001565822573045951,0.0020932763200724636,1.4105586277398718,202.5,145.0,88.09084756700362
6589.795432731,-0.015333781224034629,-0.018515547307117068,0.04684649008822951,0.6358972787173723,0.16180287095569004,9.882413877947933,-1.4262952708496959,30.372894983759704,3.984101895445382,-0.001565822573045951,0.0020932763200724636,1.4105586277398718,202.0,145.0,88.09084756700362
6589.861324711,-0.01138077644115357,-0.0033656116480905384,-0.04044948825357864,-0.06784424758345249,-0.35822108588530993,9.724572433338023,-0.31199442812730266,27.976203663209773,3.7913797419365602,-0.001565822573045951,0.0020932763200724636,1.4105586277398718,200.0,145.0,86.18592516570965
6589.93480064,-0.005196654525088922,0.03055862998448243,0.02439924374513596,0.196026642274501,-0.08409578960144637,9.793755385528259,0.3330232892701344,29.508332298338054,3.630846346380527,-0.001565822573045951,0.0020932763200724636,1.4105586277398718,199.5,145.0,88.09084756700362
6589.998004246,0.049550813823217944,0.03920460262583995,0.02978002970184216,-0.08282113467714929,0.033005236481503164,9.946309343880104,-1.054550792043381,29.642606900780162,3.7665076977326755,-0.001565822573045951,0.0020932763200724636,1.4105586277398718,197.5,145.5,86.18592516570965
6590.064964148,0.020239689213510072,-0.02050741602690615,-0.022272100789805117,-0.10853257176612767,-0.14306769982263962,9.82457386978254,0.922102399582192,28.379632113501454,3.924496650837943,-0.001565822573045951,0.0020932763200724636,1.4105586277398718,197.5,145.5,88.09084756700362
6590.142329915,-0.014453220524558937,-0.005631601303694692,0.03191885139574287,0.13695444253028546,-0.4381618731795119,10.057848945699364,-0.7985604533395017,29.469279183120644,3.4196667938094145,-0.001565822573045951,0.0020932763200724636,1.4105586277398718,196.5,144.5,88.15238973400541
6590.20790285,0.00922428581540722,0.004109247920557134,-0.005317215014376608,0.7320079500429731,0.5755789326928823,9.905541449667675,0.3771921046799298,30.048273141075498,3.7181908520712827,-0.001565822573045951,0.0020932763200724636,1.4105586277398718,196.0,145.5,88.09084756700362
6590.268992317,0.06110015394416025,0.009278032735908371,0.006452790474244633,-0.07585282381966929,-0.12865061160084942,9.477427448875673,0.9725951349814379,29.128150997265532,3.4949198435951216,-0.001565822573045951,0.0020932763200724636,1.4105586277398718,194.5,145.0,86.05481377096244
6590.337070751,-0.013132825683870903,0.002984294568312556,0.0031667148588794547,-0.1051798158898783,0.13674999879933844,9.986739614504186,-0.3222452690776938,28.229667856141354,4.176216294922582,-0.001565822573045951,0.0020932763200724636,1.4105586277398718,194.0,145.5,88.02506598911803
6590.406774689,0.037279300612240295,0.0015497248283356966,-0.002077844309578085,-0.3908549907776466,-0.11683835522058725,10.343646679458189,-0.6174863013220885,29.516400711159182,4.139990832983427,-0.001565822573045951,0.0020932763200724636,1.4105586277398718,192.5,145.0,86.18592516570965
6590.466718105,0.07296651325712762,0.029724467925813552,0.014936720271255985,-0.35451106746965555,-0.3552193717868663,9.776821404769203,0.6969180222355511,29.702130876422803,3.149082106238551,-0.001565822573045951,0.0020932763200724636,1.4105586277398718,191.5,144.5,88.15238973400541
6590.530421774,0.007030273757264633,0.02722643563880628,-0.0841266687377818,-0.35234449698459064,-1.2301314210781849,10.035022006665686,-0.10643821761088323,28.963918204228847,3.906369464766202,-0.001565822573045951,0.0020932763200724636,1.4105586277398718,190.5,144.5,86.30861401354873
6590.596800691,-0.03629933992668869,-0.011137498584421493,-0.022375891881591056,0.23020942653391033,-0.9395220551776181,9.836479798251188,-0.6822768092327314,29.17128502605204,3.8200284443846573,-0.001565822573045951,0.0020932763200724636,1.4105586277398718,189.5,144.5,86.18592516570965
6590.666434312,-0.01672856443293561,-0.0038068407692427404,-0.00427245354729134,0.05594490878813723,-0.2775103855363482,10.165100561849796,-0.5345939716138257,28.683970140543046,4.33928644142939,-0.001565822573045951,0.0020932763200724636,1.4105586277398718,189.5,144.5,86.18592516570965
6590.730685667,0.0014173344706007924,0.0066769809438852355,0.04894120036450707,-0.01439034636960274,-0.26833029975002826,9.882460579351836,-0.0014621148321041163,28.401455747099803,4.149337641610866,-0.001565822573045951,0.0020932763200724636,1.4105586277398718,189.0,145.0,88.09084756700362
6590.798480388,0.026639672418453685,0.001471064770617,-0.04040537706908784,-0.3629202906006171,0.2103237914344017,10.177731964574418,0.40273825786394624,27.999779428671896,4.592869817084251,-0.001565822573045951,0.0020932763200724636,1.4105586277398718,187.5,144.5,86.30861401354873
6590.867892435,0.049033650855060645,0.0016449671563635256,-0.002060978265703008,-0.3604887684174534,0.2646983033880636,9.686796933678655,1.1334575764476982,25.809941682789642,4.189233443192869,-0.001565822573045951,0.0020932763200724636,1.4105586277398718,186.5,145.5,86.18592516570965
6590.94010531,-0.013542166758281045,-0.0035067625878624073,-0.010653888731650005,-0.1157032770855376,0.29199811106763823,9.948058966233567,-1.2291132235021693,28.518710835704656,4.50159002410903,-0.001565822573045951,0.0020932763200724636,1.4105586277398718,186.5,145.5,88.02506598911803
6591.003474846,0.00045968504675047614,-0.005192104756961614,0.04471026326613532,0.2323639471522077,0.5208963488849994,9.756500377451555,-1.1290621005877113,29.809919279475135,4.10249687228903,-0.001565822573045951,0.0020932763200724636,1.4105586277398718,185.5,145.0,88.02506598911803
6591.073779389,-0.012401402014326896,-0.004424051384926766,0.005313320768604051,0.130994485129111,0.035143199549898675,10.028018288952941,-0.69398974788401,28.9599559391209,4.393810492635288,-0.001565822573045951,0.0020932763200724636,1.4105586277398718,183.5,144.5,86.18592516570965
6591.139765831,0.02867867252813803,-0.008011774430561527,-0.06485781587101627,-0.2705002105587593,0.3026500954266187,9.753878048079203,0.6647108131221154,26.490710965723995,5.4303203343466695,-0.001565822573045951,0.0020932763200724636,1.4105586277398718,183.0,144.5,86.18592516570965
6591.210669607,-0.01437123418530596,-0.005761674589585863,-0.024484871444645322,-0.04164564731412619,-0.7210667298316934,9.830792440978122,-0.9289535330761252,28.885321623401698,4.242093691680939,-0.001565822573045951,0.0020932763200724636,1.4105586277398718,183.0,145.0,90.0
6591.277175493,0.002243119777857416,-0.0008810720018992712,-0.013829687405842422,-0.3786793727231802,-0.5939807199341115,9.537915104593097,0.634646848715765,30.339738626789533,3.182404314896187,-0.001565822573045951,0.0020932763200724636,1.4105586277398718,181.0,145.0,88.09084756700362
6591.342553662,0.013985544040205352,0.009943827467636666,0.0010616253789230673,0.04474867865952057,-0.2075391554746347,9.717205503194652,0.42522923383888256,28.21661060741206,3.9053662981995116,-0.001565822573045951,0.0020932763200724636,1.4105586277398718,180.5,144.5,91.90915243299638
6591.412712555,-0.0015341915155648066,0.005111712527927181,-0.034069352564772754,-0.07765428422309614,0.046895978241507895,10.496953675697627,1.954909316409082,28.87762264287471,2.373496181480502,-0.001565822573045951,0.0020932763200724636,1.4105586277398718,180.5,144.5,88.15238973400541
6591.480192503,-0.04875333695455462,-0.015478106723865565,0.019120951574724394,0.13714206290621603,-0.3862513720345204,9.633955120588992,-0.7945743888544035,30.9167957542242,3.584005439071466,-0.001565822573045951,0.0020932763200724636,1.4105586277398718,178.5,144.5,86.18592516570965
6591.539792396,0.00833179706349273,0.0019549588558916593,0.02448487145675745,0.14053847884018905,-0.1326070347493418,9.91349701571069,-1.490558046074703,30.28674324601227,3.9352546550029395,-0.001565822573045951,0.0020932763200724636,1.4105586277398718,178.0,144.5,88.09084756700362
6591.626939693,0.017253664962714948,0.009221682094294161,0.010646103343334753,-0.11938999529156313,0.3500553335582865,10.225647879885015,-0.15898807131582915,29.089095544667234,3.2837403568284236,-0.001565822573045951,0.0020932763200724636,1.4105586277398718,176.5,144.5,86.30861401354873
6591.697782268,-0.01772881912611342,-0.004005035214210919,-0.04471415748110981,0.012937860335257338,0.5738437077284593,9.799155074190013,0.470745240157062,25.402222368637716,3.739257531618269,-0.001565822573045951,0.0020932763200724636,1.4105586277398718,175.5,144.5,86.18592516570965
6591.765468946,0.010763381166285951,-0.00011767698962916107,-0.04681016731500173,-0.4456939966518404,-0.08605928216101416,9.412147541186425,-1.6891976578903625,28.169117300953157,4.544495529182745,-0.001565822573045951,0.0020932763200724636,1.4105586277398718,175.0,144.5,88.15238973400541
6591.83163023,-0.021324816825667555,-0.011688320410297395,0.020216310106950804,-0.010812935885607432,0.2601237546013643,9.390433933690844,-0.37028007347436004,30.061330322060947,3.9890405300518332,-0.001565822573045951,0.0020932763200724636,1.4105586277398718,173.5,144.5,86.18592516570965
6591.896625462,-0.016218930953886396,0.001632542891277647,0.012743408500529081,-0.18235724469757245,-0.26891201912498885,9.563787594123419,0.3187886914657124,28.314279843676896,3.851344116117272,-0.001565822573045951,0.0020932763200724636,1.4105586277398718,172.5,144.5,86.18592516570965
6591.96133943,-0.0033513993658122344,0.0017468223228952764,-0.02448616885811029,-0.15344099199810277,0.2876136121093979,9.684651313882828,0.029937078680030704,28.21213501865941,4.2682339880803575,-0.001565822573045951,0.0020932763200724636,1.4105586277398718,172.5,144.5,86.18592516570965
6592.019778896,0.023673312849631686,0.02045823509545033,-0.027682725796385792,-0.20258532196923704,-0.042043112959314,9.690128521294024,-0.49294626191358454,28.241185286914916,4.073346553655381,-0.001565822573045951,0.0020932763200724636,1.4105586277398718,170.0,144.5,86.18592516570965
6592.09026416,0.036021674679389354,0.014255706691710049,-0.0031732039345838264,-0.16087569894042938,-0.3391370612205001,9.492154517677074,-0.27620661675022135,29.181262706613712,3.3434392838697033,-0.001565822573045951,0.0020932763200724636,1.4105586277398718,170.0,144.5,86.18592516570965
6592.158553412,0.034800729561361904,0.016192763384939756,-0.03617054781106872,-0.0863142170931714,-0.3449821249363457,9.983089548391177,1.7132793714799872,27.05009383719475,4.439913361774571,-0.001565822573045951,0.0020932763200724636,1.4105586277398718,169.5,144.5,88.09084756700362
6592.236893971,0.0034017910073072424,0.019594687878764963,0.003152443535927027,0.3530262213780665,-0.2588828182348682,9.681859360942585,0.676828629915528,26.648903185652067,4.125362517555119,-0.001565822573045951,0.0020932763200724636,1.4105586277398718,168.5,144.5,86.18592516570965
6592.312220881,-0.0021262585829121055,-0.010907621074006852,-0.0010421666305796338,-0.02963829260561194,-0.7501566916178627,10.237892384504663,-0.6400995955281567,28.987466380675336,3.8252035009753342,-0.001565822573045951,0.0020932763200724636,1.4105586277398718,167.0,144.5,88.09084756700362
6592.388405752,-0.0032537535378770687,0.0114100804830083,-0.012801792052303128,-0.27034260857796183,-0.30602587485294147,9.757676637053832,-0.3261067077005933,27.094254360292297,5.014168362566138,-0.001565822573045951,0.0020932763200724636,1.4105586277398718,166.0,144.5,88.15238973400541
6592.451598165,0.018253474481838308,-0.0012901464900893374,0.0447271293004347,-0.1404811940426185,-0.21085288611830574,9.963547830157605,2.3188045899696723,29.0714188857649,1.891731961954116,-0.001565822573045951,0.0020932763200724636,1.4105586277398718,165.5,144.5,86.30861401354873
6592.520851055,-0.019706249271156773,-0.028537187538062347,0.06176245539900015,0.46660117279355284,-0.4149751367681247,10.118130320150103,-1.6201385427148371,29.59650952967177,3.2953301243651087,-0.001565822573045951,0.0020932763200724636,1.4105586277398718,164.0,144.5,86.18592516570965
6592.597998998,-0.004324513766914151,-0.010097720842130427,-0.018074895782755455,0.0950970545839247,-0.42998639781697157,10.17748061683431,-0.6548677113885144,31.041462184887962,2.8368030653282568,-0.001565822573045951,0.0020932763200724636,1.4105586277398718,164.0,144.5,88.09084756700362
6592.668263348,0.0064688901227052025,0.010265868328004104,-1.427130276554839e-05,-0.1104485780074501,-0.2705483219691015,9.915844983448128,-0.05055646354980837,29.715188133897435,3.4199319222063265,-0.001565822573045951,0.0020932763200724636,1.4105586277398718,163.5,144.5,88.09084756700362
6592.747454681,-0.018164012526434046,0.00025565227091149206,-0.03408232643238551,-0.34712512702834414,-0.8990589779734838,10.419734111127603,-0.7470673171433743,28.826169340944904,3.500066055785887,-0.001565822573045951,0.0020932763200724636,1.4105586277398718,162.5,144.5,86.18592516570965
6592.819927013,0.015769817414954077,0.0026502327162818613,0.007466413575048163,-0.4418724705141415,-0.7387002410328558,9.98108599508254,-0.3433936045082192,28.165524400395498,3.6724832147117743,-0.001565822573045951,0.0020932763200724636,1.4105586277398718,160.5,144.5,86.18592516570965
6592.886078332,-0.012494216738408944,-0.004276798607812487,0.06916659218346065,0.12422479888234172,0.6201732217876382,9.478385134230296,2.949186875451785,25.955617481414233,3.620655049373117,-0.001565822573045951,0.0020932763200724636,1.4105586277398718,159.5,144.0,88.09084756700362
6592.956217779,0.012296025771244458,-0.0052269353069235025,-0.01167659456559835,0.2676505796569663,0.45487331921722557,9.859654403901649,0.49188902522361516,28.973382628889667,3.3052072850055274,-0.001565822573045951,0.0020932763200724636,1.4105586277398718,159.0,144.5,88.09084756700362
6593.019837558,0.03697308474425027,-0.00689006431083998,0.05753800513932371,-0.334468010149356,0.6812412482897982,9.74572984542729,-0.7671612769585857,29.279958445934923,3.5385633210342005,-0.001565822573045951,0.0020932763200724636,1.4105586277398718,158.5,144.5,86.18592516570965
6593.085077318,-0.0261025910965413,0.026238793283373148,-0.02031880382691376,-0.4150523260684183,-0.6226184941704075,10.122116046953805,5.49815713506155,24.894178893141245,3.0017247409311634,-0.001565822573045951,0.0020932763200724636,1.4105586277398718,157.5,144.5,88.09084756700362
6593.163661993,0.03728858208495093,0.0015349995501444623,-0.008463171659122427,-0.2940506026014741,-0.7021419919538197,10.086561719753936,-0.14821003399217145,29.09459763647625,3.1700188861943146,-0.001565822573045951,0.0020932763200724636,1.4105586277398718,155.5,144.5,88.09084756700362
6593.231440882,0.05709905415665902,0.017410977457320127,-0.0042140711448198954,-0.30958661400592863,0.3265093916660317,10.270916150686366,2.216480756551751,23.914677757240458,4.879905514645472,-0.001565822573045951,0.0020932763200724636,1.4105586277398718,154.5,144.0,88.09084756700362
6593.312646782,0.031946590347045944,0.02339860431058674,-0.03512708586225955,-0.5169374429454794,-0.35856725777088266,9.087060093908256,-0.3276974624464984,29.824372463554944,3.2630400646613,-0.001565822573045951,0.0020932763200724636,1.4105586277398718,153.0,144.0,86.30861401354873
6593.375815844,0.00211298879694718,-0.010492791690742003,-0.0031654195285377965,0.015858631271166997,0.3061609823856816,9.426279182657339,-0.6494132103886412,29.446757500985193,3.7499791576023136,-0.001565822573045951,0.0020932763200724636,1.4105586277398718,152.0,143.5,86.18592516570965
6593.433401382,0.0028972454080623644,0.024857965846476975,-0.010695405250240497,-0.10534745142120205,0.5044810585232914,9.839844160807738,0.027943152212523085,27.488375598289107,4.186064857722799,-0.001565822573045951,0.0020932763200724636,1.4105586277398718,151.5,143.5,88.15238973400541
6593.492575442,-0.03182941537936566,-0.001270473674308082,-0.10433779540160255,0.29565174862864707,-0.3666495824980162,10.242269220224408,-0.6331829968273968,27.857554976635296,4.549434097984782,-0.001565822573045951,0.0020932763200724636,1.4105586277398718,150.0,143.5,84.47245984834383
6593.570892699,-0.0023217491999634413,0.001898387128159334,-0.004264669233069478,0.1807248995012118,0.41005425093301723,9.81174724442732,0.29031834287992486,29.43318699635504,3.3545561416335223,-0.001565822573045951,0.0020932763200724636,1.4105586277398718,149.5,143.5,86.18592516570965
6593.636753935,-0.025957490981673888,-0.007908726055502323,0.0042374230612705665,0.11876588315857944,-0.9856031431793161,10.26498783285218,-0.4199039347620076,31.11609649623449,2.9885199566602534,-0.001565822573045951,0.0020932763200724636,1.4105586277398718,149.0,144.0,86.18592516570965
6593.698703506,-0.0003143480345416673,0.013887132044254924,0.0063528915561845796,-0.6319015170050835,-0.666127756142268,9.971065582651683,-0.5753090876175133,29.332582065782475,4.145165889574105,-0.001565822573045951,0.0020932763200724636,1.4105586277398718,148.0,144.0,86.30861401354873
6593.76212055,-0.01658296639827098,0.00578033657933296,-0.025578935756959843,-0.01629204028258359,-0.26732123013468845,9.389247631421176,-0.04603863519625507,27.914654193980837,4.793168795888546,-0.001565822573045951,0.0020932763200724636,1.4105586277398718,147.0,144.0,86.18592516570965
6593.832339724,-0.023047027493625853,0.005324978993002044,0.04997298792510675,0.1687016281206153,0.6540260690865827,9.713005079476275,-1.4474459310425078,30.30875159575769,3.4803691339770944,-0.001565822573045951,0.0020932763200724636,1.4105586277398718,146.0,143.5,86.18592516570965
6593.899115903,0.024212733195948556,0.0035363383825446244,0.027696995952385173,0.5003033649530457,0.6178862773556163,9.047979573846044,0.4639458558798742,30.351256057563088,3.079534573628985,-0.001565822573045951,0.0020932763200724636,1.4105586277398718,145.0,143.5,86.30861401354873
6593.978919489,0.023505873902783078,0.001087543746857362,-0.07020746768824801,0.013157946545426956,-0.014851331916522978,10.099788547156825,0.3653573841098902,29.524838565019785,3.2896821152334956,-0.001565822573045951,0.0020932763200724636,1.4105586277398718,144.5,144.0,88.15238973400541
6594.044752702,0.003154802975384466,0.021771661671330777,0.028688563374139706,0.1134722333075148,0.14527085920288538,9.532137264477669,1.4365410079925298,30.61315802786609,2.6140622708778496,-0.001565822573045951,0.0020932763200724636,1.4105586277398718,143.0,143.5,88.09084756700362
6594.114607117,0.004049495094806595,0.002500997296050417,-0.01596331734164218,0.029518791303589798,0.11380831110703923,9.905585232373202,-0.7578453544670319,28.820667249135887,3.613787526419996,-0.001565822573045951,0.0020932763200724636,1.4105586277398718,141.5,144.0,86.18592516570965
6594.18842813,0.005735681507414541,-0.0251658772016425,-0.027603584965799757,0.006594018709949365,0.22246719859713357,10.01064649399552,-0.4173777166792839,28.59180306383108,4.279587471620042,-0.001565822573045951,0.0020932763200724636,1.4105586277398718,141.0,143.5,86.05481377096244
6594.249328256,0.02072855834297644,0.00638637287751501,0.022364213322632134,0.04851877555890228,0.01740019309061297,10.049487673946768,-0.6915904240932164,29.630576146361896,3.7448041010116366,-0.001565822573045951,0.0020932763200724636,1.4105586277398718,140.5,143.5,88.02506598911803
6594.314727159,-0.0016813343903814837,-0.004473010404865434,-0.011698650167937193,0.28366056240151194,0.12224816848872597,9.94663624377978,-0.8078740681999866,29.9285703034305,3.344442450436394,-0.001565822573045951,0.0020932763200724636,1.4105586277398718,139.0,143.5,86.18592516570965
6594.38750395,-0.0028556860253747037,0.00720829410585276,0.0021076842165630963,-0.3210580387695178,-0.014724074232710407,9.919737306662885,-0.8195870068512653,29.717241216499357,3.918224498687025,-0.001565822573045951,0.0020932763200724636,1.4105586277398718,139.0,143.5,86.18592516570965
6594.452334959,-0.029547696571283737,0.006712822224503259,0.006326943815420746,-0.20089416656111753,-0.036694149822633484,9.840953288167425,-1.5685236074687292,29.26550518536593,4.378019990674705,-0.001565822573045951,0.0020932763200724636,1.4105586277398718,136.5,144.0,86.30861401354873
6594.517220555,-0.04091106247734428,-0.018994436195333513,0.012755085060916884,0.15230399577695058,0.7402815008622567,10.229931315494584,1.005456426194459,29.40362354868786,3.424870694800003,-0.001565822573045951,0.0020932763200724636,1.4105586277398718,135.5,144.0,84.47245984834383
6594.592189388,0.01062460425119307,0.010813225210191997,0.05533041986458853,-0.1869496122493433,1.0114498323197925,9.91517108487821,0.4507685118966402,29.6751337672584,3.8422622551314514,-0.001565822573045951,0.0020932763200724636,1.4105586277398718,136.0,144.0,88.15238973400541
6594.656842315,-0.01028951288498945,-0.00420436562813498,0.00957280044424526,0.0596125415361259,0.8291063524763191,9.971017249805147,-0.009313614860484558,29.32554015601772,3.8851676222179408,-0.001565822573045951,0.0020932763200724636,1.4105586277398718,135.0,143.5,86.18592516570965
6594.722254032,-0.014476869381902091,-0.016304811135169246,0.04152149283317866,-0.13425012730029084,-0.2749547759341321,10.061866775628369,-1.5980529811944044,29.8664799127959,3.3390023082168736,-0.001565822573045951,0.0020932763200724636,1.4105586277398718,133.5,144.0,88.09084756700362
6594.795461679,-0.008241887865091889,0.007720570161831447,-0.007479389569159873,0.09953150603040826,0.5730054558862737,9.883079689077729,-1.3548322729537956,28.963890619585882,3.0237133354499957,-0.001565822573045951,0.0020932763200724636,1.4105586277398718,132.5,143.5,88.09084756700362
6594.859098823,-0.02279739184825991,-0.007566926355155281,0.015947748699352667,-0.627184415709483,0.5813923535480164,9.307394036834554,3.8235943856225547,28.84497954180539,1.6963716201770274,-0.001565822573045951,0.0020932763200724636,1.4105586277398718,132.0,143.5,88.09084756700362
6594.924711644,-0.021914838024359937,0.016024588562363953,0.0063165646793418235,-0.34809170130886974,0.06631755011250484,9.72079135750737,-1.140367317153417,29.545450911670844,3.945103079815931,-0.001565822573045951,0.0020932763200724636,1.4105586277398718,130.0,143.5,86.05481377096244
6595.008645219,0.02682523328513828,0.010102282931781148,-0.01701197304942713,0.01576373784659311,0.08141485971264337,10.00619668867276,-0.24228579834737923,29.97466532841267,3.81562027036367,-0.001565822573045951,0.0020932763200724636,1.4105586277398718,129.5,143.5,88.09084756700362
6595.067858329,-0.03069464999742664,0.007639927768720951,-0.005383381826698735,-0.1317098922305339,-0.4396254201679947,9.523552880014645,0.19172985397872258,28.606769495066406,3.5647038639933277,-0.001565822573045951,0.0020932763200724636,1.4105586277398718,128.5,143.5,88.15238973400541
6595.132424164,0.014524960247125844,-0.00697806965796856,0.05644134608232772,0.6950113637631653,-0.042423223210855,9.569329012344863,-0.40021258465920156,27.208427543348638,4.618981653630693,-0.001565822573045951,0.0020932763200724636,1.4105586277398718,127.5,143.5,88.09084756700362
6595.209885036,-0.05311143761401997,-0.014811811849943124,0.030819600717016716,0.2559968196505716,-0.6591532817210813,9.316327049357703,1.7788779121231482,30.795950170186426,2.359740995040436,-0.001565822573045951,0.0020932763200724636,1.4105586277398718,126.5,143.5,88.09084756700362
6595.277363564,0.000927363603070443,-0.00950433071815238,0.011729785453712387,-0.048208702134927325,-0.7969985764987432,9.546046747880803,2.426305842489239,25.98466767318056,3.425767476960915,-0.001565822573045951,0.0020932763200724636,1.4105586277398718,125.5,143.5,88.15238973400541
6595.343807871,-0.06951702702872217,-0.011098009471943655,0.027594502324013663,0.09547053520425278,-0.9647086134220981,9.91535042583244,0.4075300303192761,32.84803671540384,2.357074025755918,-0.001565822573045951,0.0020932763200724636,1.4105586277398718,124.5,143.5,86.30861401354873
6595.411326713,0.01273785199560541,0.0012125833827792381,-0.020204633577593795,-0.0031633031762450135,-0.7921598386002343,9.699330394601343,0.457157914224134,28.286256078477752,4.295377769788985,-0.001565822573045951,0.0020932763200724636,1.4105586277398718,124.5,143.0,88.21008939175394
6595.476367874,-0.04481540678804348,-0.02261827936771402,0.0010512463748093557,0.07955749061690785,-0.8229978499164446,9.479254589787836,-0.7759448515023657,29.998213437115307,3.7344539878302823,-0.001565822573045951,0.0020932763200724636,1.4105586277398718,122.5,143.0,86.18592516570965
6595.541820358,-0.06429892277182954,-0.0095584768075313,0.008442412433992493,-0.16339735389288756,-1.172475038641974,10.214729787959323,-0.41152238585131423,30.450975962559777,3.5238048958446337,-0.001565822573045951,0.0020932763200724636,1.4105586277398718,122.5,143.0,86.18592516570965
6595.615363057,0.015557963184676674,-0.005939263415439,0.0021647693438758744,0.052462215325883126,0.44085719628393494,9.895287537742513,0.6003211521707877,29.59947287199365,3.44139909694314,-0.001565822573045951,0.0020932763200724636,1.4105586277398718,120.5,143.0,86.18592516570965
6595.672198893,-0.10158330929599171,-0.02181086202372402,0.007352243481917672,-0.03054983612657149,-0.5880700116846275,9.655724183816977,0.3633652289610812,28.801081405541197,3.207512781084297,-0.001565822573045951,0.0020932763200724636,1.4105586277398718,120.5,143.5,88.02506598911803
6595.741601271,0.03458507727821979,-0.003993996170976052,0.026665209462877,-0.3925358641944215,-0.4595487378753455,9.975725537840853,3.9639296654733176,20.009117051869787,8.773972137106671,-0.001565822573045951,0.0020932763200724636,1.4105586277398718,119.5,143.5,88.09084756700362
6595.82057889,-0.028298905898837583,0.004731588766448874,0.020168306687370692,-0.22310041095893476,-0.009495502904947214,10.056337030910658,-1.1306488412820157,29.033022915612577,3.2891518354033265,-0.001565822573045951,0.0020932763200724636,1.4105586277398718,118.5,143.0,86.18592516570965
6595.884226592,-0.027335121569232016,-0.016433816047729324,0.07236574388003067,0.1763891780634088,-0.5147819703864526,9.596000288694858,-1.9820399026563331,30.126472700592874,3.8592636098155237,-0.001565822573045951,0.0020932763200724636,1.4105586277398718,116.5,143.0,86.30861401354873
6595.97801337,-0.04484718677671116,-0.010964567913182852,-0.04260907007920386,0.1586469996899217,0.04548805312951305,10.18605332652199,-0.5767711853184,28.867788785919753,4.334111384838715,-0.001565822573045951,0.0020932763200724636,1.4105586277398718,116.0,143.0,86.30861401354873
6596.054346527,0.006312465778202151,0.000695870668604656,0.028741756363027494,0.2483115498245905,-0.03251048755686244,10.076228998944291,0.26038126419989416,30.087301013403493,3.0467141191441267,-0.001565822573045951,0.0020932763200724636,1.4105586277398718,115.5,143.0,88.15238973400541
6596.127882192,-0.010352230083823029,0.007498430194406821,-0.012803089429431704,0.024026505637637745,-0.4316877949757336,9.411233635851616,-0.06332610257868763,28.985926553974267,3.451483943740357,-0.001565822573045951,0.0020932763200724636,1.4105586277398718,113.5,143.0,86.30861401354873
6596.193730202,0.020246771354025507,0.0009028135851721305,-0.013807631811578331,-0.18268025348440214,-1.0997141584617895,10.250447565183965,-0.2128782236716829,29.061585103112794,3.8523473484883772,-0.001565822573045951,0.0020932763200724636,1.4105586277398718,113.5,143.0,88.15238973400541
6596.288251683,-0.02814381915148853,-0.01782848286015985,-0.02766975179023401,0.4641947840278714,-0.7505111384717577,9.76216309720063,-0.4458509263397294,29.71071262163397,3.782799750074397,-0.001565822573045951,0.0020932763200724636,1.4105586277398718,112.0,143.0,86.30861401354873
6596.353696183,0.03452345974699595,-0.003003677795968042,-0.003135579614978973,-0.5718608845878578,0.06792304903442767,9.605540395728388,2.3596391759782485,28.734912523952893,3.0881434820738702,-0.001565822573045951,0.0020932763200724636,1.4105586277398718,110.0,143.0,86.30861401354873
6596.415184643,0.017451601123322794,0.01783326655600139,0.02552573964418987,0.3968812908218742,-0.22002747650545748,10.019416391073454,-0.3497830239669313,29.554402080430812,3.219367880809535,-0.001565822573045951,0.0020932763200724636,1.4105586277398718,109.0,143.0,86.30861401354873
6596.491525855,0.06367264156126863,-0.01622473687781768,-0.030732677678520896,1.0956283358677543,-0.015368729625423102,10.302477626856932,-0.7308411176337307,30.743981283720206,3.3617377351492204,-0.001565822573045951,0.0020932763200724636,1.4105586277398718,108.5,143.0,86.30861401354873
6596.556994522,0.001674256393798834,-0.016937218801710428,0.003234179114196403,-0.2123901039711912,-1.3598038014951503,10.368319904072381,4.926182289693669,26.236959134324323,2.077431514918837,-0.001565822573045951,0.0020932763200724636,1.4105586277398718,107.5,142.5,86.30861401354873
6596.618382352,-0.00784452654909979,-0.008083389305958158,0.07343904575497624,0.20209220809716458,-0.3969278963835736,10.505565960120295,0.8092161553008109,27.956617819615083,3.385104996600862,-0.001565822573045951,0.0020932763200724636,1.4105586277398718,107.5,143.0,86.30861401354873
